{
	"parent": "kirka:block/kirka_block",
	"elements": [
		{
			"from": [0, 0, 0],
			"to": [16, 8, 16],
			"faces": {
				"north": {"uv": [5, 0.5, 4, 1], "texture": "#textures", "cullface": "north"},
				"east": {"uv": [5, 0.5, 4, 1], "texture": "#textures", "cullface": "east"},
				"south": {"uv": [4, 0.5, 5, 1], "texture": "#textures", "cullface": "south"},
				"west": {"uv": [4, 0.5, 5, 1], "texture": "#textures", "cullface": "west"},
				"up": {"uv": [4, 1, 5, 0], "texture": "#textures"},
				"down": {"uv": [4, 0, 5, 1], "texture": "#textures", "cullface": "down"}
			}
		}
	]
}