{
    "parent": "kirka:block/kirka_block",
    "elements": [
        {
            "from": [0, 0, 0],
            "to": [16, 8, 16],
            "faces": {
                "north": {"uv": [9, 8.5, 8, 9], "texture": "#textures", "cullface": "north"},
                "east": {"uv": [9, 8.5, 8, 9], "texture": "#textures", "cullface": "east"},
                "south": {"uv": [8, 8.5, 9, 9], "texture": "#textures", "cullface": "south"},
                "west": {"uv": [8, 8.5, 9, 9], "texture": "#textures", "cullface": "west"},
                "up": {"uv": [8, 9, 9, 8], "texture": "#textures"},
                "down": {"uv": [8, 8, 9, 9], "texture": "#textures", "cullface": "down"}
            }
        }
    ]
}