{
	"parent": "kirka:block/kirka_block",
	"elements": [
		{
			"from": [0, 0, 0],
			"to": [16, 8, 16],
			"faces": {
				"north": {"uv": [6, 7.5, 5, 8], "texture": "#textures", "cullface": "north"},
				"east": {"uv": [6, 7.5, 5, 8], "texture": "#textures", "cullface": "east"},
				"south": {"uv": [5, 7.5, 6, 8], "texture": "#textures", "cullface": "south"},
				"west": {"uv": [5, 7.5, 6, 8], "texture": "#textures", "cullface": "west"},
				"up": {"uv": [5, 8, 6, 7], "texture": "#textures"},
				"down": {"uv": [5, 7, 6, 8], "texture": "#textures", "cullface": "down"}
			}
		}
	]
}