{
	"parent": "kirka:block/kirka_block",
	"elements": [
		{
			"from": [0, 0, 0],
			"to": [16, 8, 16],
			"faces": {
				"north": {"uv": [13, 1.5, 12, 2], "texture": "#textures", "cullface": "north"},
				"east": {"uv": [13, 1.5, 12, 2], "texture": "#textures", "cullface": "east"},
				"south": {"uv": [12, 1.5, 13, 2], "texture": "#textures", "cullface": "south"},
				"west": {"uv": [12, 1.5, 13, 2], "texture": "#textures", "cullface": "west"},
				"up": {"uv": [12, 2, 13, 1], "texture": "#textures"},
				"down": {"uv": [12, 1, 13, 2], "texture": "#textures", "cullface": "down"}
			}
		}
	]
}