{
	"parent": "kirka:block/kirka_block",
	"elements": [
		{
			"from": [0, 8, 0],
			"to": [16, 16, 16],
			"rotation": {"angle": 0, "axis": "y", "origin": [0, 8, 0]},
			"faces": {
				"north": {"uv": [1, 6, 0, 6.5], "texture": "#textures", "cullface": "north"},
				"east": {"uv": [1, 6, 0, 6.5], "texture": "#textures", "cullface": "east"},
				"south": {"uv": [0, 6, 1, 6.5], "texture": "#textures", "cullface": "south"},
				"west": {"uv": [0, 6, 1, 6.5], "texture": "#textures", "cullface": "west"},
				"up": {"uv": [0, 7, 1, 6], "texture": "#textures", "cullface": "up"},
				"down": {"uv": [0, 6, 1, 7], "texture": "#textures"}
			}
		}
	]
}