{
	"parent": "kirka:block/kirka_block",
	"elements": [
		{
			"from": [0, 0, 4],
			"to": [16, 16, 4],
			"rotation": {"angle": 0, "axis": "y", "origin": [0, 8, 12]},
			"faces": {
				"north": {"uv": [8, 4, 7, 5], "texture": "#textures"},
				"south": {"uv": [7, 4, 8, 5], "texture": "#textures"}
			}
		},
		{
			"from": [0, 0, 12],
			"to": [16, 16, 12],
			"rotation": {"angle": 0, "axis": "y", "origin": [0, 8, 20]},
			"faces": {
				"north": {"uv": [8, 4, 7, 5], "texture": "#textures"},
				"south": {"uv": [7, 4, 8, 5], "texture": "#textures"}
			}
		},
		{
			"from": [12, 0, 0],
			"to": [12, 16, 16],
			"rotation": {"angle": 0, "axis": "y", "origin": [12, 8, 8]},
			"faces": {
				"east": {"uv": [8, 4, 7, 5], "texture": "#textures"},
				"west": {"uv": [7, 4, 8, 5], "texture": "#textures"}
			}
		},
		{
			"from": [4, 0, 0],
			"to": [4, 16, 16],
			"rotation": {"angle": 0, "axis": "y", "origin": [4, 8, 8]},
			"faces": {
				"east": {"uv": [8, 4, 7, 5], "texture": "#textures"},
				"west": {"uv": [7, 4, 8, 5], "texture": "#textures"}
			}
		}
	]
}