{
	"parent": "kirka:block/kirka_block",
	"elements": [
		{
			"from": [0, 0, 0],
			"to": [16, 8, 16],
			"faces": {
				"north": {"uv": [15, 2.5, 14, 3], "texture": "#textures", "cullface": "north"},
				"east": {"uv": [15, 2.5, 14, 3], "texture": "#textures", "cullface": "east"},
				"south": {"uv": [14, 2.5, 15, 3], "texture": "#textures", "cullface": "south"},
				"west": {"uv": [14, 2.5, 15, 3], "texture": "#textures", "cullface": "west"},
				"up": {"uv": [14, 3, 15, 2], "texture": "#textures"},
				"down": {"uv": [14, 2, 15, 3], "texture": "#textures", "cullface": "down"}
			}
		}
	]
}