{
	"parent": "kirka:block/kirka_block",
	"elements": [
		{
			"from": [0, 0, 0],
			"to": [16, 16, 16],
			"faces": {
				"north": {"uv": [9, 5, 10, 6], "texture": "#textures", "cullface": "north"},
				"east": {"uv": [9, 5, 10, 6], "texture": "#textures", "cullface": "east"},
				"south": {"uv": [10, 5, 9, 6], "texture": "#textures", "cullface": "south"},
				"west": {"uv": [10, 5, 9, 6], "texture": "#textures", "cullface": "west"},
				"up": {"uv": [9, 5, 10, 6], "rotation": 180, "texture": "#textures", "cullface": "up"},
				"down": {"uv": [10, 5, 9, 6], "texture": "#textures", "cullface": "down"}
			}
		}
	]
}