{
	"parent": "kirka:block/kirka_block",
	"elements": [
		{
			"from": [0, 0, 0],
			"to": [16, 16, 16],
			"faces": {
				"north": {"uv": [3, 7, 4, 8], "texture": "#textures", "cullface": "north"},
				"east": {"uv": [3, 7, 4, 8], "texture": "#textures", "cullface": "east"},
				"south": {"uv": [4, 7, 3, 8], "texture": "#textures", "cullface": "south"},
				"west": {"uv": [4, 7, 3, 8], "texture": "#textures", "cullface": "west"},
				"up": {"uv": [3, 7, 4, 8], "rotation": 180, "texture": "#textures", "cullface": "up"},
				"down": {"uv": [4, 7, 3, 8], "texture": "#textures", "cullface": "down"}
			}
		}
	]
}