{
	"parent": "kirka:block/kirka_block",
	"elements": [
		{
			"from": [-3, 0, 8],
			"to": [19, 16, 8],
			"rotation": {"angle": -45, "axis": "y", "origin": [8, 8, 8]},
			"faces": {
				"north": {"uv": [4, 4, 3, 5], "texture": "#textures"},
				"south": {"uv": [3, 4, 4, 5], "texture": "#textures"}
			}
		},
		{
			"from": [-3, 0, 8],
			"to": [19, 16, 8],
			"rotation": {"angle": 45, "axis": "y", "origin": [8, 8, 8]},
			"faces": {
				"north": {"uv": [3, 4, 4, 5], "texture": "#textures"},
				"south": {"uv": [4, 4, 3, 5], "texture": "#textures"}
			}
		}
	]
}