{
	"parent": "kirka:block/kirka_block",
	"elements": [
		{
			"from": [0, 8, 0],
			"to": [16, 16, 16],
			"rotation": {"angle": 0, "axis": "y", "origin": [0, 8, 0]},
			"faces": {
				"north": {"uv": [3, 0, 2, 0.5], "texture": "#textures", "cullface": "north"},
				"east": {"uv": [3, 0, 2, 0.5], "texture": "#textures", "cullface": "east"},
				"south": {"uv": [2, 0, 3, 0.5], "texture": "#textures", "cullface": "south"},
				"west": {"uv": [2, 0, 3, 0.5], "texture": "#textures", "cullface": "west"},
				"up": {"uv": [10, 1, 11, 0], "texture": "#textures", "cullface": "up"},
				"down": {"uv": [2, 0, 3, 1], "texture": "#textures"}
			}
		}
	]
}