{
	"parent": "kirka:block/kirka_block",
	"elements": [
		{
			"from": [0, 0, 0],
			"to": [16, 8, 16],
			"faces": {
				"north": {"uv": [12, 4.5, 11, 5], "texture": "#textures", "cullface": "north"},
				"east": {"uv": [12, 4.5, 11, 5], "texture": "#textures", "cullface": "east"},
				"south": {"uv": [11, 4.5, 12, 5], "texture": "#textures", "cullface": "south"},
				"west": {"uv": [11, 4.5, 12, 5], "texture": "#textures", "cullface": "west"},
				"up": {"uv": [11, 5, 12, 4], "texture": "#textures"},
				"down": {"uv": [11, 4, 12, 5], "texture": "#textures", "cullface": "down"}
			}
		}
	]
}