{
	"parent": "kirka:block/kirka_block",
	"elements": [
		{
			"from": [0, 8, 0],
			"to": [16, 16, 16],
			"rotation": {"angle": 0, "axis": "y", "origin": [0, 8, 0]},
			"faces": {
				"north": {"uv": [16, 4, 15, 4.5], "texture": "#textures", "cullface": "north"},
				"east": {"uv": [16, 4, 15, 4.5], "texture": "#textures", "cullface": "east"},
				"south": {"uv": [15, 4, 16, 4.5], "texture": "#textures", "cullface": "south"},
				"west": {"uv": [15, 4, 16, 4.5], "texture": "#textures", "cullface": "west"},
				"up": {"uv": [15, 5, 16, 4], "texture": "#textures", "cullface": "up"},
				"down": {"uv": [15, 4, 16, 5], "texture": "#textures"}
			}
		}
	]
}