{
	"parent": "kirka:block/kirka_block",
	"elements": [
		{
			"from": [0, 0, 0],
			"to": [16, 8, 16],
			"faces": {
				"north": {"uv": [8, 5.5, 7, 6], "texture": "#textures", "cullface": "north"},
				"east": {"uv": [8, 5.5, 7, 6], "texture": "#textures", "cullface": "east"},
				"south": {"uv": [7, 5.5, 8, 6], "texture": "#textures", "cullface": "south"},
				"west": {"uv": [7, 5.5, 8, 6], "texture": "#textures", "cullface": "west"},
				"up": {"uv": [7, 6, 8, 5], "texture": "#textures"},
				"down": {"uv": [7, 5, 8, 6], "texture": "#textures", "cullface": "down"}
			}
		}
	]
}