{
	"parent": "kirka:block/kirka_block",
	"elements": [
		{
			"from": [0, 0, 0],
			"to": [16, 8, 16],
			"faces": {
				"north": {"uv": [16, 4.5, 15, 5], "texture": "#textures", "cullface": "north"},
				"east": {"uv": [16, 4.5, 15, 5], "texture": "#textures", "cullface": "east"},
				"south": {"uv": [15, 4.5, 16, 5], "texture": "#textures", "cullface": "south"},
				"west": {"uv": [15, 4.5, 16, 5], "texture": "#textures", "cullface": "west"},
				"up": {"uv": [15, 5, 16, 4], "texture": "#textures"},
				"down": {"uv": [15, 4, 16, 5], "texture": "#textures", "cullface": "down"}
			}
		}
	]
}