{
	"parent": "kirka:block/kirka_block",
	"elements": [
		{
			"from": [0, 0, 0],
			"to": [16, 8, 16],
			"faces": {
				"north": {"uv": [9, 0.5, 8, 1], "texture": "#textures", "cullface": "north"},
				"east": {"uv": [9, 0.5, 8, 1], "texture": "#textures", "cullface": "east"},
				"south": {"uv": [8, 0.5, 9, 1], "texture": "#textures", "cullface": "south"},
				"west": {"uv": [8, 0.5, 9, 1], "texture": "#textures", "cullface": "west"},
				"up": {"uv": [10, 1, 11, 0], "texture": "#textures"},
				"down": {"uv": [8, 0, 9, 1], "texture": "#textures", "cullface": "down"}
			}
		}
	]
}