{
    "parent": "kirka:block/kirka_block",
    "elements": [
        {
            "from": [0, 8, 0],
            "to": [16, 16, 16],
            "rotation": {"angle": 0, "axis": "y", "origin": [0, 8, 0]},
            "faces": {
                "north": {"uv": [9, 8, 8, 8.5], "texture": "#textures", "cullface": "north"},
                "east": {"uv": [9, 8, 8, 8.5], "texture": "#textures", "cullface": "east"},
                "south": {"uv": [8, 8, 9, 8.5], "texture": "#textures", "cullface": "south"},
                "west": {"uv": [8, 8, 9, 8.5], "texture": "#textures", "cullface": "west"},
                "up": {"uv": [8, 9, 9, 8], "texture": "#textures", "cullface": "up"},
                "down": {"uv": [8, 8, 9, 9], "texture": "#textures"}
            }
        }
    ]
}