{
	"parent": "kirka:block/kirka_block",
	"elements": [
		{
			"from": [0, 8, 0],
			"to": [16, 16, 16],
			"rotation": {"angle": 0, "axis": "y", "origin": [0, 8, 0]},
			"faces": {
				"north": {"uv": [5, 0, 4, 0.5], "texture": "#textures", "cullface": "north"},
				"east": {"uv": [5, 0, 4, 0.5], "texture": "#textures", "cullface": "east"},
				"south": {"uv": [4, 0, 5, 0.5], "texture": "#textures", "cullface": "south"},
				"west": {"uv": [4, 0, 5, 0.5], "texture": "#textures", "cullface": "west"},
				"up": {"uv": [4, 1, 5, 0], "texture": "#textures", "cullface": "up"},
				"down": {"uv": [4, 0, 5, 1], "texture": "#textures"}
			}
		}
	]
}