{
	"parent": "kirka:block/kirka_block",
	"elements": [
		{
			"from": [0, 8, 0],
			"to": [16, 16, 16],
			"rotation": {"angle": 0, "axis": "y", "origin": [0, 8, 0]},
			"faces": {
				"north": {"uv": [13, 1, 12, 1.5], "texture": "#textures", "cullface": "north"},
				"east": {"uv": [13, 1, 12, 1.5], "texture": "#textures", "cullface": "east"},
				"south": {"uv": [12, 1, 13, 1.5], "texture": "#textures", "cullface": "south"},
				"west": {"uv": [12, 1, 13, 1.5], "texture": "#textures", "cullface": "west"},
				"up": {"uv": [12, 2, 13, 1], "texture": "#textures", "cullface": "up"},
				"down": {"uv": [12, 1, 13, 2], "texture": "#textures"}
			}
		}
	]
}